{
    "loss": 2.4048824310302734,
    "accuracy": 0.7551867365837097
}